Name,Gender,DOB,POB,DOD,POD,Description,Image,ID
Q4103205,男,N/A,開封市,N/A,N/A,N/A,N/A,http://www.wikidata.org/entity/Q4103205
宋迪,男,N/A,N/A,N/A,N/A,N/A,N/A,http://www.wikidata.org/entity/Q10197451
陳居中,男,N/A,N/A,N/A,N/A,N/A,N/A,http://www.wikidata.org/entity/Q15897223
范坦,男,N/A,N/A,N/A,N/A,N/A,N/A,http://www.wikidata.org/entity/Q15905324
燕肅,男,N/A,N/A,1040-01-01,N/A,N/A,N/A,http://www.wikidata.org/entity/Q17002150
高克明,男,N/A,N/A,N/A,N/A,N/A,N/A,http://www.wikidata.org/entity/Q18015067
李安忠,男,N/A,N/A,N/A,N/A,N/A,N/A,http://www.wikidata.org/entity/Q28104548
张敦礼,男,N/A,開封市,N/A,N/A,N/A,N/A,http://www.wikidata.org/entity/Q28415677
赵宗汉,男,N/A,N/A,1109-01-01,N/A,N/A,N/A,http://www.wikidata.org/entity/Q30945636
高述,男,N/A,N/A,N/A,N/A,N/A,N/A,http://www.wikidata.org/entity/Q45357118
郭游卿,男,N/A,N/A,N/A,N/A,N/A,N/A,http://www.wikidata.org/entity/Q45357226
劉忱,男,N/A,N/A,N/A,N/A,N/A,N/A,http://www.wikidata.org/entity/Q45357933
畢良史,男,N/A,N/A,1150-01-01,N/A,N/A,N/A,http://www.wikidata.org/entity/Q45358459
蔡肇,男,N/A,N/A,1119-01-01,N/A,N/A,N/A,http://www.wikidata.org/entity/Q45359053
王利用,男,N/A,N/A,N/A,N/A,N/A,N/A,http://www.wikidata.org/entity/Q45359580
文勛,男,N/A,N/A,N/A,N/A,N/A,N/A,http://www.wikidata.org/entity/Q45359866
李結,男,N/A,N/A,N/A,N/A,N/A,N/A,http://www.wikidata.org/entity/Q45361621
宋子房,男,N/A,N/A,N/A,N/A,N/A,N/A,http://www.wikidata.org/entity/Q45362541
王鞏,男,N/A,N/A,N/A,N/A,N/A,N/A,http://www.wikidata.org/entity/Q45365253
張鎡,男,N/A,N/A,1207-01-01,N/A,N/A,N/A,http://www.wikidata.org/entity/Q45367565
丘訥,男,N/A,N/A,N/A,N/A,N/A,N/A,http://www.wikidata.org/entity/Q45368045
劉松老,男,N/A,N/A,N/A,N/A,N/A,N/A,http://www.wikidata.org/entity/Q45369005
賈公傑,男,N/A,N/A,N/A,N/A,N/A,N/A,http://www.wikidata.org/entity/Q45372439
林泳,男,N/A,N/A,N/A,N/A,N/A,N/A,http://www.wikidata.org/entity/Q45375867
尤叔保,男,N/A,N/A,N/A,N/A,N/A,N/A,http://www.wikidata.org/entity/Q45380115
魯之茂,男,N/A,N/A,N/A,N/A,N/A,N/A,http://www.wikidata.org/entity/Q45380305
江參,男,N/A,N/A,N/A,N/A,N/A,N/A,http://www.wikidata.org/entity/Q45380779
彭皋,男,N/A,N/A,N/A,N/A,N/A,N/A,http://www.wikidata.org/entity/Q45381342
孔去非,男,N/A,N/A,N/A,N/A,N/A,N/A,http://www.wikidata.org/entity/Q45381430
秦湛,男,N/A,N/A,N/A,N/A,N/A,N/A,http://www.wikidata.org/entity/Q45381666
蔣長源,男,N/A,N/A,N/A,N/A,N/A,N/A,http://www.wikidata.org/entity/Q45381907
錢仁熙,男,N/A,N/A,N/A,N/A,N/A,N/A,http://www.wikidata.org/entity/Q45382270
范正夫,男,N/A,N/A,N/A,N/A,N/A,N/A,http://www.wikidata.org/entity/Q45383980
吳環,男,N/A,N/A,N/A,N/A,N/A,N/A,http://www.wikidata.org/entity/Q45386969
賀某,男,N/A,N/A,N/A,N/A,N/A,N/A,http://www.wikidata.org/entity/Q45388109
趙叔盎,男,N/A,N/A,N/A,N/A,N/A,N/A,http://www.wikidata.org/entity/Q45388841
宋澥,男,N/A,N/A,N/A,N/A,N/A,N/A,http://www.wikidata.org/entity/Q45389021
郭道卿,男,N/A,N/A,N/A,N/A,N/A,N/A,http://www.wikidata.org/entity/Q45392380
李景道,男,N/A,N/A,N/A,N/A,N/A,N/A,http://www.wikidata.org/entity/Q45392797
李景遊,男,N/A,N/A,N/A,N/A,N/A,N/A,http://www.wikidata.org/entity/Q45392801
李景孟,男,N/A,N/A,N/A,N/A,N/A,N/A,http://www.wikidata.org/entity/Q45392805
李時敏,男,N/A,N/A,N/A,N/A,N/A,N/A,http://www.wikidata.org/entity/Q45394047
李時雍,男,N/A,N/A,N/A,N/A,N/A,N/A,http://www.wikidata.org/entity/Q45394045
趙與懃,男,N/A,N/A,N/A,N/A,N/A,N/A,http://www.wikidata.org/entity/Q45394700
劉延世,男,N/A,N/A,N/A,N/A,N/A,N/A,http://www.wikidata.org/entity/Q45395239
李仲宣,男,N/A,N/A,N/A,N/A,N/A,N/A,http://www.wikidata.org/entity/Q45395684
邵少微,男,N/A,N/A,N/A,N/A,N/A,N/A,http://www.wikidata.org/entity/Q45396586
司馬槐,男,N/A,N/A,N/A,N/A,N/A,N/A,http://www.wikidata.org/entity/Q45397731
楊瓚,男,N/A,N/A,N/A,N/A,N/A,N/A,http://www.wikidata.org/entity/Q45402817
俞珙,男,N/A,N/A,N/A,N/A,N/A,N/A,http://www.wikidata.org/entity/Q45403176
張浹,男,N/A,N/A,N/A,N/A,N/A,N/A,http://www.wikidata.org/entity/Q45403182
趙令晙,男,N/A,N/A,N/A,N/A,N/A,N/A,http://www.wikidata.org/entity/Q45408260
趙仲憪,男,N/A,N/A,N/A,N/A,N/A,N/A,http://www.wikidata.org/entity/Q45409740
高大亨,男,N/A,N/A,N/A,N/A,N/A,N/A,http://www.wikidata.org/entity/Q45416867
廉布,男,N/A,N/A,N/A,N/A,N/A,N/A,http://www.wikidata.org/entity/Q45424159
王道真,男,N/A,N/A,N/A,N/A,N/A,N/A,http://www.wikidata.org/entity/Q45428955
艷艷,女,N/A,N/A,N/A,N/A,N/A,N/A,http://www.wikidata.org/entity/Q45428958
李覺,男,N/A,N/A,N/A,N/A,N/A,N/A,http://www.wikidata.org/entity/Q45428967
李雄,男,N/A,N/A,N/A,N/A,N/A,N/A,http://www.wikidata.org/entity/Q45428991
何充,男,N/A,N/A,N/A,N/A,N/A,N/A,http://www.wikidata.org/entity/Q45429003
成子,男,N/A,N/A,N/A,N/A,N/A,N/A,http://www.wikidata.org/entity/Q45429042
李茂,男,N/A,N/A,N/A,N/A,N/A,N/A,http://www.wikidata.org/entity/Q45429072
李鬱,男,N/A,N/A,N/A,N/A,N/A,N/A,http://www.wikidata.org/entity/Q45429084
葛守昌,男,N/A,N/A,N/A,N/A,N/A,N/A,http://www.wikidata.org/entity/Q45429094
尹白,男,N/A,N/A,N/A,N/A,N/A,N/A,http://www.wikidata.org/entity/Q45429126
朱懷瑾,男,N/A,N/A,N/A,N/A,N/A,N/A,http://www.wikidata.org/entity/Q45429143
周鼎臣,男,N/A,N/A,N/A,N/A,N/A,N/A,http://www.wikidata.org/entity/Q45429165
朱玉,男,N/A,N/A,N/A,N/A,N/A,N/A,http://www.wikidata.org/entity/Q45429201
王兼濟,男,N/A,N/A,N/A,N/A,N/A,N/A,http://www.wikidata.org/entity/Q45429205
牛戩,男,N/A,N/A,N/A,N/A,N/A,N/A,http://www.wikidata.org/entity/Q45429227
吳璜,男,N/A,N/A,N/A,N/A,N/A,N/A,http://www.wikidata.org/entity/Q45429250
王訓成,男,N/A,N/A,N/A,N/A,N/A,N/A,http://www.wikidata.org/entity/Q45429271
呂源,男,N/A,N/A,N/A,N/A,N/A,N/A,http://www.wikidata.org/entity/Q45429317
白思恭,男,N/A,N/A,N/A,N/A,N/A,N/A,http://www.wikidata.org/entity/Q45429347
武克溫,男,N/A,N/A,N/A,N/A,N/A,N/A,http://www.wikidata.org/entity/Q45429351
宋良臣,男,N/A,N/A,N/A,N/A,N/A,N/A,http://www.wikidata.org/entity/Q45429359
李皓,男,N/A,N/A,N/A,N/A,N/A,N/A,http://www.wikidata.org/entity/Q45429574
牟仲甫,男,N/A,N/A,N/A,N/A,N/A,N/A,http://www.wikidata.org/entity/Q45429643
李昭,男,N/A,N/A,N/A,N/A,N/A,N/A,http://www.wikidata.org/entity/Q45429648
田松,男,N/A,N/A,N/A,N/A,N/A,N/A,http://www.wikidata.org/entity/Q45429671
吳九州,男,N/A,N/A,N/A,N/A,N/A,N/A,http://www.wikidata.org/entity/Q45429676
朱紹宗,男,N/A,N/A,N/A,N/A,N/A,N/A,http://www.wikidata.org/entity/Q45429707
李八師,男,N/A,N/A,N/A,N/A,N/A,N/A,http://www.wikidata.org/entity/Q45429711
武道光,男,N/A,N/A,N/A,N/A,N/A,N/A,http://www.wikidata.org/entity/Q45429740
吳進,男,N/A,N/A,N/A,N/A,N/A,N/A,http://www.wikidata.org/entity/Q45429751
李希成,男,N/A,N/A,N/A,N/A,N/A,N/A,http://www.wikidata.org/entity/Q45429798
田和,男,N/A,N/A,N/A,N/A,N/A,N/A,http://www.wikidata.org/entity/Q45429797
何浩,男,N/A,N/A,N/A,N/A,N/A,N/A,http://www.wikidata.org/entity/Q45429818
釋寶覺,男,N/A,N/A,N/A,N/A,N/A,N/A,http://www.wikidata.org/entity/Q45429829
李煥,男,N/A,N/A,N/A,N/A,N/A,N/A,http://www.wikidata.org/entity/Q45429864
毛信卿,男,N/A,N/A,N/A,N/A,N/A,N/A,http://www.wikidata.org/entity/Q45429907
李元濟,男,N/A,N/A,N/A,N/A,N/A,N/A,http://www.wikidata.org/entity/Q45429943
王易,男,N/A,N/A,N/A,N/A,N/A,N/A,http://www.wikidata.org/entity/Q45429976
李益,男,N/A,N/A,N/A,N/A,N/A,N/A,http://www.wikidata.org/entity/Q45429982
胡九齡,男,N/A,N/A,N/A,N/A,N/A,N/A,http://www.wikidata.org/entity/Q45429980
艾淑,男,N/A,N/A,N/A,N/A,N/A,N/A,http://www.wikidata.org/entity/Q45430012
池州匠,男,N/A,N/A,N/A,N/A,N/A,N/A,http://www.wikidata.org/entity/Q45430162
朱羲,男,N/A,N/A,N/A,N/A,N/A,N/A,http://www.wikidata.org/entity/Q45430208
王居正,男,N/A,N/A,N/A,N/A,N/A,N/A,http://www.wikidata.org/entity/Q45430242
李蕃,男,N/A,N/A,N/A,N/A,N/A,N/A,http://www.wikidata.org/entity/Q45430252
何霸,男,N/A,N/A,N/A,N/A,N/A,N/A,http://www.wikidata.org/entity/Q45430272
田宗源,男,N/A,N/A,N/A,N/A,N/A,N/A,http://www.wikidata.org/entity/Q45430289
王拙,男,N/A,N/A,N/A,N/A,N/A,N/A,http://www.wikidata.org/entity/Q45430308
石恪,男,N/A,N/A,N/A,N/A,N/A,N/A,http://www.wikidata.org/entity/Q45430343
周與權,男,N/A,N/A,N/A,N/A,N/A,N/A,http://www.wikidata.org/entity/Q45430341
李正臣,男,N/A,N/A,N/A,N/A,N/A,N/A,http://www.wikidata.org/entity/Q45430364
李時澤,男,N/A,N/A,N/A,N/A,N/A,N/A,http://www.wikidata.org/entity/Q45430419
李南金,男,N/A,N/A,N/A,N/A,N/A,N/A,http://www.wikidata.org/entity/Q45430424
武洞清,男,N/A,N/A,N/A,N/A,N/A,N/A,http://www.wikidata.org/entity/Q45430547
王輝,男,N/A,N/A,1176-01-01,N/A,N/A,N/A,http://www.wikidata.org/entity/Q45430590
丘慶餘,男,N/A,N/A,N/A,N/A,N/A,N/A,http://www.wikidata.org/entity/Q45430611
高懷節,男,N/A,N/A,N/A,N/A,N/A,N/A,http://www.wikidata.org/entity/Q45430646
高文進,男,N/A,N/A,N/A,N/A,N/A,N/A,http://www.wikidata.org/entity/Q45430712
王曉,男,N/A,N/A,N/A,N/A,N/A,N/A,http://www.wikidata.org/entity/Q45430761
李明,男,N/A,N/A,N/A,N/A,N/A,N/A,http://www.wikidata.org/entity/Q45430774
胡舜臣,男,N/A,N/A,N/A,N/A,N/A,N/A,http://www.wikidata.org/entity/Q45430825
周詢,男,N/A,N/A,N/A,N/A,N/A,N/A,http://www.wikidata.org/entity/Q45430833
王穀,男,N/A,N/A,N/A,N/A,N/A,N/A,http://www.wikidata.org/entity/Q45430907
左建,男,N/A,N/A,N/A,N/A,N/A,N/A,http://www.wikidata.org/entity/Q45430905
李遵易,男,N/A,N/A,N/A,N/A,N/A,N/A,http://www.wikidata.org/entity/Q45430930
李世南,男,N/A,N/A,N/A,N/A,N/A,N/A,http://www.wikidata.org/entity/Q45430932
王晟,男,N/A,N/A,N/A,N/A,N/A,N/A,http://www.wikidata.org/entity/Q45430970
林俊民,男,N/A,N/A,N/A,N/A,N/A,N/A,http://www.wikidata.org/entity/Q45430989
李宗晟,男,N/A,N/A,N/A,N/A,N/A,N/A,http://www.wikidata.org/entity/Q45431003
水丘覽雲,男,N/A,N/A,N/A,N/A,N/A,N/A,http://www.wikidata.org/entity/Q45431009
王持,男,N/A,N/A,N/A,N/A,N/A,N/A,http://www.wikidata.org/entity/Q45431022
李遵,男,N/A,N/A,N/A,N/A,N/A,N/A,http://www.wikidata.org/entity/Q45431058
朱象先,男,N/A,N/A,N/A,N/A,N/A,N/A,http://www.wikidata.org/entity/Q45431074
李頎,男,N/A,N/A,N/A,N/A,N/A,N/A,http://www.wikidata.org/entity/Q45431098
杜孩兒,男,N/A,N/A,N/A,N/A,N/A,N/A,http://www.wikidata.org/entity/Q45431155
李延之,男,N/A,N/A,N/A,N/A,N/A,N/A,http://www.wikidata.org/entity/Q45431180
孟應之,男,N/A,N/A,N/A,N/A,N/A,N/A,http://www.wikidata.org/entity/Q45431237
何淵,男,N/A,N/A,N/A,N/A,N/A,N/A,http://www.wikidata.org/entity/Q45431257
來子章,男,N/A,N/A,N/A,N/A,N/A,N/A,http://www.wikidata.org/entity/Q45431272
朱宗翼,男,N/A,N/A,N/A,N/A,N/A,N/A,http://www.wikidata.org/entity/Q45431278
呂漸,男,N/A,N/A,N/A,N/A,N/A,N/A,http://www.wikidata.org/entity/Q45431336
高懷寶,男,N/A,N/A,N/A,N/A,N/A,N/A,http://www.wikidata.org/entity/Q45431341
胡彥龍,男,N/A,N/A,N/A,N/A,N/A,N/A,http://www.wikidata.org/entity/Q45431372
侯某,男,N/A,N/A,N/A,N/A,N/A,N/A,http://www.wikidata.org/entity/Q45431391
周吉言,男,N/A,N/A,N/A,N/A,N/A,N/A,http://www.wikidata.org/entity/Q45431404
顧亮,男,N/A,N/A,N/A,N/A,N/A,N/A,http://www.wikidata.org/entity/Q45431423
麻某,男,N/A,N/A,N/A,N/A,N/A,N/A,http://www.wikidata.org/entity/Q45431455
朱象先,男,N/A,N/A,N/A,N/A,N/A,N/A,http://www.wikidata.org/entity/Q45431456
釋擇仁,男,N/A,N/A,N/A,N/A,N/A,N/A,http://www.wikidata.org/entity/Q45431477
宣亨,男,N/A,N/A,N/A,N/A,N/A,N/A,http://www.wikidata.org/entity/Q45431489
李明文,男,N/A,N/A,N/A,N/A,N/A,N/A,http://www.wikidata.org/entity/Q45431506
王顯道,男,N/A,N/A,N/A,N/A,N/A,N/A,http://www.wikidata.org/entity/Q45431514
戴某,男,N/A,N/A,N/A,N/A,N/A,N/A,http://www.wikidata.org/entity/Q45431517
包寀,男,N/A,N/A,N/A,N/A,N/A,N/A,http://www.wikidata.org/entity/Q45431543
任從一,男,N/A,N/A,N/A,N/A,N/A,N/A,http://www.wikidata.org/entity/Q45431561
李懷袞,男,N/A,N/A,N/A,N/A,N/A,N/A,http://www.wikidata.org/entity/Q45431630
李祐之,男,N/A,N/A,N/A,N/A,N/A,N/A,http://www.wikidata.org/entity/Q45431637
王華,男,N/A,N/A,N/A,N/A,N/A,N/A,http://www.wikidata.org/entity/Q45431640
王可訓,男,N/A,N/A,N/A,N/A,N/A,N/A,http://www.wikidata.org/entity/Q45431692
朱瑩,男,N/A,N/A,N/A,N/A,N/A,N/A,http://www.wikidata.org/entity/Q45431752
洪子範,男,N/A,N/A,N/A,N/A,N/A,N/A,http://www.wikidata.org/entity/Q45431808
田景,男,N/A,N/A,N/A,N/A,N/A,N/A,http://www.wikidata.org/entity/Q45431821
胡錫,男,N/A,N/A,N/A,N/A,N/A,N/A,http://www.wikidata.org/entity/Q45431827
黃居寶,男,N/A,N/A,N/A,N/A,N/A,N/A,http://www.wikidata.org/entity/Q45431880
司馬寇,男,N/A,N/A,N/A,N/A,N/A,N/A,http://www.wikidata.org/entity/Q45431913
李東,男,N/A,N/A,N/A,N/A,N/A,N/A,http://www.wikidata.org/entity/Q45431931
趙大亨,男,N/A,N/A,N/A,N/A,N/A,N/A,http://www.wikidata.org/entity/Q45431956
包鼎,男,N/A,N/A,N/A,N/A,N/A,N/A,http://www.wikidata.org/entity/Q45431989
宋永年,男,N/A,N/A,N/A,N/A,N/A,N/A,http://www.wikidata.org/entity/Q45431994
衛松,男,N/A,N/A,N/A,N/A,N/A,N/A,http://www.wikidata.org/entity/Q45432018
李植,男,N/A,N/A,N/A,N/A,N/A,N/A,http://www.wikidata.org/entity/Q45432046
王延嗣,男,N/A,N/A,N/A,N/A,N/A,N/A,http://www.wikidata.org/entity/Q45432050
李誕,男,N/A,N/A,N/A,N/A,N/A,N/A,http://www.wikidata.org/entity/Q45432065
王木,男,N/A,N/A,N/A,N/A,N/A,N/A,http://www.wikidata.org/entity/Q45432077
趙千里,男,N/A,N/A,N/A,N/A,N/A,N/A,http://www.wikidata.org/entity/Q45432083
顧德謙,男,N/A,N/A,N/A,N/A,N/A,N/A,http://www.wikidata.org/entity/Q45432123
毛文昌,男,N/A,N/A,N/A,N/A,N/A,N/A,http://www.wikidata.org/entity/Q45432143
何世昌,男,N/A,N/A,N/A,N/A,N/A,N/A,http://www.wikidata.org/entity/Q45432156
屈用誠,男,N/A,N/A,N/A,N/A,N/A,N/A,http://www.wikidata.org/entity/Q45432163
朱大洞,男,N/A,N/A,N/A,N/A,N/A,N/A,http://www.wikidata.org/entity/Q45432161
李澄,男,N/A,N/A,N/A,N/A,N/A,N/A,http://www.wikidata.org/entity/Q45432202
趙晞遠,男,N/A,N/A,N/A,N/A,N/A,N/A,http://www.wikidata.org/entity/Q45432207
李權,男,N/A,N/A,N/A,N/A,N/A,N/A,http://www.wikidata.org/entity/Q45432212
房歛,男,N/A,N/A,N/A,N/A,N/A,N/A,http://www.wikidata.org/entity/Q45432226
王公道,男,N/A,N/A,N/A,N/A,N/A,N/A,http://www.wikidata.org/entity/Q45432232
尹質,男,N/A,N/A,N/A,N/A,N/A,N/A,http://www.wikidata.org/entity/Q45432274
龔吉,男,N/A,N/A,N/A,N/A,N/A,N/A,http://www.wikidata.org/entity/Q45432477
邵斌,男,N/A,N/A,N/A,N/A,N/A,N/A,http://www.wikidata.org/entity/Q45432488
宋永錫,男,N/A,N/A,N/A,N/A,N/A,N/A,http://www.wikidata.org/entity/Q45432494
李漢舉,男,N/A,N/A,N/A,N/A,N/A,N/A,http://www.wikidata.org/entity/Q45432506
李宗成,男,N/A,N/A,N/A,N/A,N/A,N/A,http://www.wikidata.org/entity/Q45432514
朱光普,男,N/A,N/A,N/A,N/A,N/A,N/A,http://www.wikidata.org/entity/Q45432522
顧師顏,男,N/A,N/A,N/A,N/A,N/A,N/A,http://www.wikidata.org/entity/Q45432559
施義,男,N/A,N/A,N/A,N/A,N/A,N/A,http://www.wikidata.org/entity/Q45432556
王友,男,N/A,N/A,N/A,N/A,N/A,N/A,http://www.wikidata.org/entity/Q45432579
王登仕,男,N/A,N/A,N/A,N/A,N/A,N/A,http://www.wikidata.org/entity/Q45432582
呂元亨,男,N/A,N/A,N/A,N/A,N/A,N/A,http://www.wikidata.org/entity/Q45432596
甘風子,男,N/A,N/A,N/A,N/A,N/A,N/A,http://www.wikidata.org/entity/Q45432622
林谷成,男,N/A,N/A,N/A,N/A,N/A,N/A,http://www.wikidata.org/entity/Q45432639
牟谷,男,N/A,N/A,N/A,N/A,N/A,N/A,http://www.wikidata.org/entity/Q45432665
李德柔,男,N/A,N/A,N/A,N/A,N/A,N/A,http://www.wikidata.org/entity/Q45432699
吳俊臣,男,N/A,N/A,N/A,N/A,N/A,N/A,http://www.wikidata.org/entity/Q45432697
王友端,男,N/A,N/A,N/A,N/A,N/A,N/A,http://www.wikidata.org/entity/Q45432824
於青年,男,N/A,N/A,N/A,N/A,N/A,N/A,http://www.wikidata.org/entity/Q45432847
李思賢,男,N/A,N/A,N/A,N/A,N/A,N/A,http://www.wikidata.org/entity/Q45432863
呂拙,男,N/A,N/A,N/A,N/A,N/A,N/A,http://www.wikidata.org/entity/Q45432869
王珏,男,N/A,N/A,N/A,N/A,N/A,N/A,http://www.wikidata.org/entity/Q45432892
何閣長,男,N/A,N/A,N/A,N/A,N/A,N/A,http://www.wikidata.org/entity/Q45432946
李達,男,N/A,N/A,N/A,N/A,N/A,N/A,http://www.wikidata.org/entity/Q45432977
顧洪祝,男,N/A,N/A,N/A,N/A,N/A,N/A,http://www.wikidata.org/entity/Q45433005
吳懷,男,N/A,N/A,N/A,N/A,N/A,N/A,http://www.wikidata.org/entity/Q45433023
王會,男,N/A,N/A,N/A,N/A,N/A,N/A,http://www.wikidata.org/entity/Q45433036
任安,男,N/A,N/A,N/A,N/A,N/A,N/A,http://www.wikidata.org/entity/Q45433055
釋繼肇,男,N/A,N/A,N/A,N/A,N/A,N/A,http://www.wikidata.org/entity/Q45433058
李遠,男,N/A,N/A,N/A,N/A,N/A,N/A,http://www.wikidata.org/entity/Q45433057
眉山老書生,男,N/A,N/A,N/A,N/A,N/A,N/A,http://www.wikidata.org/entity/Q45433097
李象坤,男,N/A,N/A,N/A,N/A,N/A,N/A,http://www.wikidata.org/entity/Q45433114
牟益,男,N/A,N/A,N/A,N/A,N/A,N/A,http://www.wikidata.org/entity/Q45433112
南簡,男,N/A,N/A,N/A,N/A,N/A,N/A,http://www.wikidata.org/entity/Q45433162
句龍爽,男,N/A,N/A,N/A,N/A,N/A,N/A,http://www.wikidata.org/entity/Q45433166
吉祥,男,N/A,N/A,N/A,N/A,N/A,N/A,http://www.wikidata.org/entity/Q45433220
呂天策,男,N/A,N/A,N/A,N/A,N/A,N/A,http://www.wikidata.org/entity/Q45433225
李瑛,男,N/A,N/A,N/A,N/A,N/A,N/A,http://www.wikidata.org/entity/Q45433228
賀真,男,N/A,N/A,N/A,N/A,N/A,N/A,http://www.wikidata.org/entity/Q45433243
李符,男,N/A,N/A,N/A,N/A,N/A,N/A,http://www.wikidata.org/entity/Q45433277
辛成,男,N/A,N/A,N/A,N/A,N/A,N/A,http://www.wikidata.org/entity/Q45433314
宋莊,男,N/A,N/A,N/A,N/A,N/A,N/A,http://www.wikidata.org/entity/Q45433441
丁晞顏,男,N/A,N/A,N/A,N/A,N/A,N/A,http://www.wikidata.org/entity/Q45433476
高元亨,男,N/A,N/A,N/A,N/A,N/A,N/A,http://www.wikidata.org/entity/Q45433477
毛允昇,男,N/A,N/A,N/A,N/A,N/A,N/A,http://www.wikidata.org/entity/Q45433515
周堯敏,男,N/A,N/A,N/A,N/A,N/A,N/A,http://www.wikidata.org/entity/Q45433523
吳迪,男,N/A,N/A,N/A,N/A,N/A,N/A,http://www.wikidata.org/entity/Q45433567
宋處,男,N/A,N/A,N/A,N/A,N/A,N/A,http://www.wikidata.org/entity/Q45433568
李從訓,男,N/A,N/A,N/A,N/A,N/A,N/A,http://www.wikidata.org/entity/Q45433674
王述,男,N/A,N/A,N/A,N/A,N/A,N/A,http://www.wikidata.org/entity/Q45433711
林彥祥,男,N/A,N/A,N/A,N/A,N/A,N/A,http://www.wikidata.org/entity/Q45433777
李公年,男,N/A,N/A,N/A,N/A,N/A,N/A,http://www.wikidata.org/entity/Q45433820
成宗道,男,N/A,N/A,N/A,N/A,N/A,N/A,http://www.wikidata.org/entity/Q45433821
周照,男,N/A,N/A,N/A,N/A,N/A,N/A,http://www.wikidata.org/entity/Q45433834
史顯祖,男,N/A,N/A,N/A,N/A,N/A,N/A,http://www.wikidata.org/entity/Q45433854
周左,男,N/A,N/A,N/A,N/A,N/A,N/A,http://www.wikidata.org/entity/Q45433906
孟顯,男,N/A,N/A,N/A,N/A,N/A,N/A,http://www.wikidata.org/entity/Q45433934
顧大中,男,N/A,N/A,N/A,N/A,N/A,N/A,http://www.wikidata.org/entity/Q45433953
支選,男,N/A,N/A,N/A,N/A,N/A,N/A,http://www.wikidata.org/entity/Q45433957
周儀,男,N/A,N/A,N/A,N/A,N/A,N/A,http://www.wikidata.org/entity/Q45433970
何青年,男,N/A,N/A,N/A,N/A,N/A,N/A,http://www.wikidata.org/entity/Q45433994
王洪,男,N/A,N/A,N/A,N/A,N/A,N/A,http://www.wikidata.org/entity/Q45434019
樓觀,男,N/A,N/A,N/A,N/A,N/A,N/A,http://www.wikidata.org/entity/Q45434076
毛存,男,N/A,N/A,N/A,N/A,N/A,N/A,http://www.wikidata.org/entity/Q45434102
方椿年,男,N/A,N/A,N/A,N/A,N/A,N/A,http://www.wikidata.org/entity/Q45434110
丘士元,男,N/A,N/A,N/A,N/A,N/A,N/A,http://www.wikidata.org/entity/Q45434112
尹大夫,男,N/A,N/A,N/A,N/A,N/A,N/A,http://www.wikidata.org/entity/Q45434147
范彬,男,N/A,N/A,N/A,N/A,N/A,N/A,http://www.wikidata.org/entity/Q45434161
任粹,男,N/A,N/A,N/A,N/A,N/A,N/A,http://www.wikidata.org/entity/Q45434243
南安翁,男,N/A,N/A,N/A,N/A,N/A,N/A,http://www.wikidata.org/entity/Q45434241
田白,男,N/A,N/A,N/A,N/A,N/A,N/A,http://www.wikidata.org/entity/Q45434274
任誼,男,N/A,N/A,N/A,N/A,N/A,N/A,http://www.wikidata.org/entity/Q45434308
周曾,男,N/A,N/A,N/A,N/A,N/A,N/A,http://www.wikidata.org/entity/Q45434351
李元崇,男,N/A,N/A,N/A,N/A,N/A,N/A,http://www.wikidata.org/entity/Q45434349
劉朴,男,N/A,N/A,N/A,N/A,N/A,N/A,http://www.wikidata.org/entity/Q45434356
王鼎,男,N/A,N/A,N/A,N/A,N/A,N/A,http://www.wikidata.org/entity/Q45434363
朱森,男,N/A,N/A,N/A,N/A,N/A,N/A,http://www.wikidata.org/entity/Q45434373
王凝,男,N/A,N/A,N/A,N/A,N/A,N/A,http://www.wikidata.org/entity/Q45434378
李用及,男,N/A,N/A,N/A,N/A,N/A,N/A,http://www.wikidata.org/entity/Q45434384
王端,男,N/A,N/A,N/A,N/A,N/A,N/A,http://www.wikidata.org/entity/Q45434395
周珏,男,N/A,N/A,N/A,N/A,N/A,N/A,http://www.wikidata.org/entity/Q45434435
朱銳,男,N/A,N/A,N/A,N/A,N/A,N/A,http://www.wikidata.org/entity/Q45434436
釋覺心,男,N/A,N/A,N/A,N/A,N/A,N/A,http://www.wikidata.org/entity/Q45434464
李春,男,N/A,N/A,N/A,N/A,N/A,N/A,http://www.wikidata.org/entity/Q45434497
王元通,男,N/A,N/A,N/A,N/A,N/A,N/A,http://www.wikidata.org/entity/Q45434504
李德茂,男,N/A,N/A,N/A,N/A,N/A,N/A,http://www.wikidata.org/entity/Q45434521
李吉,男,N/A,N/A,N/A,N/A,N/A,N/A,http://www.wikidata.org/entity/Q45434541
左幼山,男,N/A,N/A,N/A,N/A,N/A,N/A,http://www.wikidata.org/entity/Q45434550
周白,男,N/A,N/A,N/A,N/A,N/A,N/A,http://www.wikidata.org/entity/Q45434551
李章,男,N/A,N/A,N/A,N/A,N/A,N/A,http://www.wikidata.org/entity/Q45434667
朱漸,男,N/A,N/A,N/A,N/A,N/A,N/A,http://www.wikidata.org/entity/Q45434759
王道亨,男,N/A,N/A,N/A,N/A,N/A,N/A,http://www.wikidata.org/entity/Q45434837
白輝,男,N/A,N/A,N/A,N/A,N/A,N/A,http://www.wikidata.org/entity/Q45434840
李確,男,N/A,N/A,N/A,N/A,N/A,N/A,http://www.wikidata.org/entity/Q45434872
艾宣,男,N/A,N/A,N/A,N/A,N/A,N/A,http://www.wikidata.org/entity/Q45434881
和成忠,男,N/A,N/A,N/A,N/A,N/A,N/A,http://www.wikidata.org/entity/Q45434911
毛政,男,N/A,N/A,N/A,N/A,N/A,N/A,http://www.wikidata.org/entity/Q45434947
白良玉,男,N/A,N/A,N/A,N/A,N/A,N/A,http://www.wikidata.org/entity/Q45434948
李士雲,男,N/A,N/A,N/A,N/A,N/A,N/A,http://www.wikidata.org/entity/Q45434968
王介,男,N/A,N/A,N/A,N/A,N/A,N/A,http://www.wikidata.org/entity/Q45434988
吳元瑜,男,N/A,N/A,N/A,N/A,N/A,N/A,http://www.wikidata.org/entity/Q45435001
周純,男,N/A,N/A,N/A,N/A,N/A,N/A,http://www.wikidata.org/entity/Q45435012
何尊師,男,N/A,N/A,N/A,N/A,N/A,N/A,http://www.wikidata.org/entity/Q45435017
姒頤真,男,N/A,N/A,N/A,N/A,N/A,N/A,http://www.wikidata.org/entity/Q45435027
郭某,男,N/A,N/A,N/A,N/A,N/A,N/A,http://www.wikidata.org/entity/Q45435135
范安仁,男,N/A,N/A,N/A,N/A,N/A,N/A,http://www.wikidata.org/entity/Q45435147
唐希雅,男,N/A,N/A,N/A,N/A,N/A,N/A,http://www.wikidata.org/entity/Q45435195
刁光胤,男,N/A,N/A,N/A,N/A,N/A,N/A,http://www.wikidata.org/entity/Q45435196
唐異,男,N/A,N/A,N/A,N/A,N/A,N/A,http://www.wikidata.org/entity/Q45435321
馬隱,男,N/A,N/A,N/A,N/A,N/A,N/A,http://www.wikidata.org/entity/Q45435435
高洵,男,N/A,N/A,N/A,N/A,N/A,N/A,http://www.wikidata.org/entity/Q45435458
侯封,男,N/A,N/A,N/A,N/A,N/A,N/A,http://www.wikidata.org/entity/Q45435474
袁㠖,男,N/A,N/A,N/A,N/A,N/A,N/A,http://www.wikidata.org/entity/Q45435489
侯翌,男,N/A,N/A,N/A,N/A,N/A,N/A,http://www.wikidata.org/entity/Q45435510
侯必大,男,N/A,N/A,N/A,N/A,N/A,N/A,http://www.wikidata.org/entity/Q45435521
侯文慶,男,N/A,N/A,N/A,N/A,N/A,N/A,http://www.wikidata.org/entity/Q45435540
唐忠祈,男,N/A,N/A,N/A,N/A,N/A,N/A,http://www.wikidata.org/entity/Q45435541
侯宗古,男,N/A,N/A,N/A,N/A,N/A,N/A,http://www.wikidata.org/entity/Q45435574
段吉先,男,N/A,N/A,N/A,N/A,N/A,N/A,http://www.wikidata.org/entity/Q45435577
高益,男,N/A,N/A,N/A,N/A,N/A,N/A,http://www.wikidata.org/entity/Q45435587
兼至誠,男,N/A,N/A,N/A,N/A,N/A,N/A,http://www.wikidata.org/entity/Q45435584
高彥實,男,N/A,N/A,N/A,N/A,N/A,N/A,http://www.wikidata.org/entity/Q45435599
侯守中,男,N/A,N/A,N/A,N/A,N/A,N/A,http://www.wikidata.org/entity/Q45435641
唐宿,男,N/A,N/A,N/A,N/A,N/A,N/A,http://www.wikidata.org/entity/Q45435658
高嗣昌,男,N/A,N/A,N/A,N/A,N/A,N/A,http://www.wikidata.org/entity/Q45435656
高燾,男,N/A,N/A,N/A,N/A,N/A,N/A,http://www.wikidata.org/entity/Q45435741
馬永忠,男,N/A,N/A,N/A,N/A,N/A,N/A,http://www.wikidata.org/entity/Q45435845
祝次仲,男,N/A,N/A,N/A,N/A,N/A,N/A,http://www.wikidata.org/entity/Q45435934
孫懷說,男,N/A,N/A,N/A,N/A,N/A,N/A,http://www.wikidata.org/entity/Q45435969
袁仁厚,男,N/A,N/A,N/A,N/A,N/A,N/A,http://www.wikidata.org/entity/Q45435984
夏東叟,男,N/A,N/A,N/A,N/A,N/A,N/A,http://www.wikidata.org/entity/Q45436004
紀真,男,N/A,N/A,N/A,N/A,N/A,N/A,http://www.wikidata.org/entity/Q45436031
秦友諒,男,N/A,N/A,N/A,N/A,N/A,N/A,http://www.wikidata.org/entity/Q45436046
夏奕,男,N/A,N/A,N/A,N/A,N/A,N/A,http://www.wikidata.org/entity/Q45436079
郝章,男,N/A,N/A,N/A,N/A,N/A,N/A,http://www.wikidata.org/entity/Q45436083
馬宋英,男,N/A,N/A,N/A,N/A,N/A,N/A,http://www.wikidata.org/entity/Q45436116
孫夢卿,男,N/A,N/A,N/A,N/A,N/A,N/A,http://www.wikidata.org/entity/Q45436209
郝處,男,N/A,N/A,N/A,N/A,N/A,N/A,http://www.wikidata.org/entity/Q45436246
夏子文,男,N/A,N/A,N/A,N/A,N/A,N/A,http://www.wikidata.org/entity/Q45436245
夏森,男,N/A,N/A,N/A,N/A,N/A,N/A,http://www.wikidata.org/entity/Q45436257
靳詠,男,N/A,N/A,N/A,N/A,N/A,N/A,http://www.wikidata.org/entity/Q45442207
靳東發,男,N/A,N/A,N/A,N/A,N/A,N/A,http://www.wikidata.org/entity/Q45442405
路衙推,男,N/A,N/A,N/A,N/A,N/A,N/A,http://www.wikidata.org/entity/Q45444373
董祥,男,N/A,N/A,N/A,N/A,N/A,N/A,http://www.wikidata.org/entity/Q45445135
董常,男,N/A,N/A,N/A,N/A,N/A,N/A,http://www.wikidata.org/entity/Q45445201
董琛,男,N/A,N/A,N/A,N/A,N/A,N/A,http://www.wikidata.org/entity/Q45445329
董贇,男,N/A,N/A,N/A,N/A,N/A,N/A,http://www.wikidata.org/entity/Q45446222
萬濟,男,N/A,N/A,N/A,N/A,N/A,N/A,http://www.wikidata.org/entity/Q45448610
葉森,男,N/A,N/A,N/A,N/A,N/A,N/A,http://www.wikidata.org/entity/Q45450700
葉仁遇,男,N/A,N/A,N/A,N/A,N/A,N/A,http://www.wikidata.org/entity/Q45453162
葉進成,男,N/A,N/A,N/A,N/A,N/A,N/A,http://www.wikidata.org/entity/Q45454584
葉漢卿,男,N/A,N/A,N/A,N/A,N/A,N/A,http://www.wikidata.org/entity/Q45454714
詹先野,男,N/A,N/A,N/A,N/A,N/A,N/A,http://www.wikidata.org/entity/Q45457077
解處中,男,N/A,N/A,N/A,N/A,N/A,N/A,http://www.wikidata.org/entity/Q45458225
臺亨,男,N/A,N/A,N/A,N/A,N/A,N/A,http://www.wikidata.org/entity/Q45462938
翟院深,男,N/A,N/A,N/A,N/A,N/A,N/A,http://www.wikidata.org/entity/Q45463821
趙林,男,N/A,N/A,N/A,N/A,N/A,N/A,http://www.wikidata.org/entity/Q45465788
趙彥,男,N/A,N/A,N/A,N/A,N/A,N/A,http://www.wikidata.org/entity/Q45466426
趙芾,男,N/A,N/A,N/A,N/A,N/A,N/A,http://www.wikidata.org/entity/Q45467002
郝澄,男,N/A,N/A,N/A,N/A,N/A,N/A,http://www.wikidata.org/entity/Q45469724
趙廉,男,N/A,N/A,N/A,N/A,N/A,N/A,http://www.wikidata.org/entity/Q45470638
郝士安,男,N/A,N/A,N/A,N/A,N/A,N/A,http://www.wikidata.org/entity/Q45472928
張遠,男,N/A,N/A,N/A,N/A,N/A,N/A,http://www.wikidata.org/entity/Q45473120
夏侯延祐,男,N/A,N/A,N/A,N/A,N/A,N/A,http://www.wikidata.org/entity/Q45474839
孫覺,男,N/A,N/A,N/A,N/A,N/A,N/A,http://www.wikidata.org/entity/Q45474970
郝孝隆,男,N/A,N/A,N/A,N/A,N/A,N/A,http://www.wikidata.org/entity/Q45475161
趙子雲,男,N/A,N/A,N/A,N/A,N/A,N/A,http://www.wikidata.org/entity/Q45476046
員真,男,N/A,N/A,N/A,N/A,N/A,N/A,http://www.wikidata.org/entity/Q45476119
胡奇,男,N/A,N/A,N/A,N/A,N/A,N/A,http://www.wikidata.org/entity/Q45476444
趙子澄,男,N/A,N/A,N/A,N/A,N/A,N/A,http://www.wikidata.org/entity/Q45476627
趙士表,男,N/A,N/A,N/A,N/A,N/A,N/A,http://www.wikidata.org/entity/Q45477218
趙士衍,男,N/A,N/A,N/A,N/A,N/A,N/A,http://www.wikidata.org/entity/Q45477285
趙士暕,男,N/A,N/A,N/A,N/A,N/A,N/A,http://www.wikidata.org/entity/Q45477951
趙士腆,男,N/A,N/A,N/A,N/A,N/A,N/A,http://www.wikidata.org/entity/Q45478229
趙士雷,男,N/A,N/A,N/A,N/A,N/A,N/A,http://www.wikidata.org/entity/Q45478434
趙士遵,男,N/A,N/A,N/A,N/A,N/A,N/A,http://www.wikidata.org/entity/Q45479174
趙山甫,男,N/A,N/A,N/A,N/A,N/A,N/A,http://www.wikidata.org/entity/Q45480236
趙元亨,男,N/A,N/A,N/A,N/A,N/A,N/A,http://www.wikidata.org/entity/Q45480554
孫必達,男,N/A,N/A,N/A,N/A,N/A,N/A,http://www.wikidata.org/entity/Q45481102
孫可元,男,N/A,N/A,N/A,N/A,N/A,N/A,http://www.wikidata.org/entity/Q45481425
徐崇矩,男,N/A,N/A,N/A,N/A,N/A,N/A,http://www.wikidata.org/entity/Q45482339
孫用和,男,N/A,N/A,N/A,N/A,N/A,N/A,http://www.wikidata.org/entity/Q45482595
趙令松,男,N/A,N/A,N/A,N/A,N/A,N/A,http://www.wikidata.org/entity/Q45486971
郭元方,男,N/A,N/A,N/A,N/A,N/A,N/A,http://www.wikidata.org/entity/Q45487337
時光,男,N/A,N/A,N/A,N/A,N/A,N/A,http://www.wikidata.org/entity/Q45489199
孫知微,男,N/A,N/A,N/A,N/A,N/A,N/A,http://www.wikidata.org/entity/Q45490162
郭惟簡,男,N/A,N/A,N/A,N/A,N/A,N/A,http://www.wikidata.org/entity/Q45491062
時叔遠,男,N/A,N/A,N/A,N/A,N/A,N/A,http://www.wikidata.org/entity/Q45496080
荀信,男,N/A,N/A,N/A,N/A,N/A,N/A,http://www.wikidata.org/entity/Q45497395
趙君壽,男,N/A,N/A,N/A,N/A,N/A,N/A,http://www.wikidata.org/entity/Q45498871
許迪,男,N/A,N/A,N/A,N/A,N/A,N/A,http://www.wikidata.org/entity/Q45499158
居寧,男,N/A,N/A,N/A,N/A,N/A,N/A,http://www.wikidata.org/entity/Q45499289
趙克敻,男,N/A,N/A,N/A,N/A,N/A,N/A,http://www.wikidata.org/entity/Q45500628
許龍湫,男,N/A,N/A,N/A,N/A,N/A,N/A,http://www.wikidata.org/entity/Q45502319
許中正,男,N/A,N/A,N/A,N/A,N/A,N/A,http://www.wikidata.org/entity/Q45502517
趙宗閔,男,N/A,N/A,N/A,N/A,N/A,N/A,http://www.wikidata.org/entity/Q45503593
曹瑩,男,N/A,N/A,N/A,N/A,N/A,N/A,http://www.wikidata.org/entity/Q45507571
趙叔儺,男,N/A,N/A,N/A,N/A,N/A,N/A,http://www.wikidata.org/entity/Q45509787
曹仁希,男,N/A,N/A,N/A,N/A,N/A,N/A,http://www.wikidata.org/entity/Q45512135
曹正國,男,N/A,N/A,N/A,N/A,N/A,N/A,http://www.wikidata.org/entity/Q45512583
釋梵隆,男,N/A,N/A,N/A,N/A,N/A,N/A,http://www.wikidata.org/entity/Q45512779
曹申甫,男,N/A,N/A,N/A,N/A,N/A,N/A,http://www.wikidata.org/entity/Q45512846
趙時遠,男,N/A,N/A,N/A,N/A,N/A,N/A,http://www.wikidata.org/entity/Q45513544
趙師宰,男,N/A,N/A,N/A,N/A,N/A,N/A,http://www.wikidata.org/entity/Q45514570
戚仲,男,N/A,N/A,N/A,N/A,N/A,N/A,http://www.wikidata.org/entity/Q45516925
楊士賢,男,N/A,N/A,N/A,N/A,N/A,N/A,http://www.wikidata.org/entity/Q45517052
張仲,男,N/A,N/A,N/A,N/A,N/A,N/A,http://www.wikidata.org/entity/Q45517954
戚文秀,男,N/A,N/A,N/A,N/A,N/A,N/A,http://www.wikidata.org/entity/Q45518148
戚化元,男,N/A,N/A,N/A,N/A,N/A,N/A,http://www.wikidata.org/entity/Q45518214
張玄,男,N/A,N/A,N/A,N/A,N/A,N/A,http://www.wikidata.org/entity/Q45519701
趙雲子,男,N/A,N/A,N/A,N/A,N/A,N/A,http://www.wikidata.org/entity/Q45519857
趙維城,男,N/A,N/A,N/A,N/A,N/A,N/A,http://www.wikidata.org/entity/Q45523938
王藹,男,N/A,N/A,N/A,N/A,N/A,N/A,http://www.wikidata.org/entity/Q45524296
王藻,男,N/A,N/A,N/A,N/A,N/A,N/A,http://www.wikidata.org/entity/Q45524361
趙邈齪,男,N/A,N/A,N/A,N/A,N/A,N/A,http://www.wikidata.org/entity/Q45525545
甄慧,男,N/A,N/A,N/A,N/A,N/A,N/A,http://www.wikidata.org/entity/Q45526501
王士元,男,N/A,N/A,N/A,N/A,N/A,N/A,http://www.wikidata.org/entity/Q45526717
蒙亨,男,N/A,N/A,N/A,N/A,N/A,N/A,http://www.wikidata.org/entity/Q45527520
王定國,男,N/A,N/A,N/A,N/A,N/A,N/A,http://www.wikidata.org/entity/Q45527866
蒲永昇,男,N/A,N/A,N/A,N/A,N/A,N/A,http://www.wikidata.org/entity/Q45528160
毌咸之,男,N/A,N/A,N/A,N/A,N/A,N/A,http://www.wikidata.org/entity/Q45528436
裴文睨,男,N/A,N/A,N/A,N/A,N/A,N/A,http://www.wikidata.org/entity/Q45529299
老成,男,N/A,N/A,N/A,N/A,N/A,N/A,http://www.wikidata.org/entity/Q45529770
熊應周,男,N/A,N/A,N/A,N/A,N/A,N/A,http://www.wikidata.org/entity/Q45530195
李昭,男,N/A,N/A,N/A,N/A,N/A,N/A,http://www.wikidata.org/entity/Q45530920
李隱,男,N/A,N/A,N/A,N/A,N/A,N/A,http://www.wikidata.org/entity/Q45531372
李友直,男,N/A,N/A,N/A,N/A,N/A,N/A,http://www.wikidata.org/entity/Q45531691
李思賢,男,N/A,N/A,N/A,N/A,N/A,N/A,http://www.wikidata.org/entity/Q45531882
李從訓,男,N/A,N/A,N/A,N/A,N/A,N/A,http://www.wikidata.org/entity/Q45532774
吳瓌,男,N/A,N/A,N/A,N/A,N/A,N/A,http://www.wikidata.org/entity/Q45533801
鄭天民,男,N/A,N/A,N/A,N/A,N/A,N/A,http://www.wikidata.org/entity/Q45540737
倪濤,男,N/A,N/A,N/A,N/A,N/A,N/A,http://www.wikidata.org/entity/Q45540823
鄭希古,男,N/A,N/A,N/A,N/A,N/A,N/A,http://www.wikidata.org/entity/Q45542589
徐京,男,N/A,N/A,N/A,N/A,N/A,N/A,http://www.wikidata.org/entity/Q45542611
徐明,男,N/A,N/A,N/A,N/A,N/A,N/A,http://www.wikidata.org/entity/Q45542804
徐皋,男,N/A,N/A,N/A,N/A,N/A,N/A,http://www.wikidata.org/entity/Q45544717
厲昭慶,男,N/A,N/A,N/A,N/A,N/A,N/A,http://www.wikidata.org/entity/Q45546128
徐世昌,男,N/A,N/A,N/A,N/A,N/A,N/A,http://www.wikidata.org/entity/Q45548266
徐世榮,男,N/A,N/A,N/A,N/A,N/A,N/A,http://www.wikidata.org/entity/Q45548314
鄧隱,男,N/A,N/A,N/A,N/A,N/A,N/A,http://www.wikidata.org/entity/Q45548682
徐改之,男,N/A,N/A,N/A,N/A,N/A,N/A,http://www.wikidata.org/entity/Q45549034
徐凱之,男,N/A,N/A,N/A,N/A,N/A,N/A,http://www.wikidata.org/entity/Q45550988
徐道廣,男,N/A,N/A,N/A,N/A,N/A,N/A,http://www.wikidata.org/entity/Q45551555
歐陽楚翁,男,N/A,N/A,N/A,N/A,N/A,N/A,http://www.wikidata.org/entity/Q45552387
郗七,男,N/A,N/A,N/A,N/A,N/A,N/A,http://www.wikidata.org/entity/Q45553495
能成甫,男,N/A,N/A,N/A,N/A,N/A,N/A,http://www.wikidata.org/entity/Q45553686
蔣太尉,男,N/A,N/A,N/A,N/A,N/A,N/A,http://www.wikidata.org/entity/Q45554703
梁揆,男,N/A,N/A,N/A,N/A,N/A,N/A,http://www.wikidata.org/entity/Q45554809
蔡規,男,N/A,N/A,N/A,N/A,N/A,N/A,http://www.wikidata.org/entity/Q45556528
梁忠信,男,N/A,N/A,N/A,N/A,N/A,N/A,http://www.wikidata.org/entity/Q45556568
蔡潤,男,N/A,N/A,N/A,N/A,N/A,N/A,http://www.wikidata.org/entity/Q45557096
商訓,男,N/A,N/A,N/A,N/A,N/A,N/A,http://www.wikidata.org/entity/Q45558084
魯莊,男,N/A,N/A,N/A,N/A,N/A,N/A,http://www.wikidata.org/entity/Q45559313
魯宗貴,男,N/A,N/A,N/A,N/A,N/A,N/A,http://www.wikidata.org/entity/Q45559572
劉永,男,N/A,N/A,N/A,N/A,N/A,N/A,http://www.wikidata.org/entity/Q45561777
劉浩,男,N/A,N/A,N/A,N/A,N/A,N/A,http://www.wikidata.org/entity/Q45564837
劉浩,男,N/A,N/A,N/A,N/A,N/A,N/A,http://www.wikidata.org/entity/Q45564903
劉益,男,N/A,N/A,N/A,N/A,N/A,N/A,http://www.wikidata.org/entity/Q45565092
劉寀,男,N/A,N/A,N/A,N/A,N/A,N/A,http://www.wikidata.org/entity/Q45566109
連鰲,男,N/A,N/A,N/A,N/A,N/A,N/A,http://www.wikidata.org/entity/Q45566444
劉常,男,N/A,N/A,N/A,N/A,N/A,N/A,http://www.wikidata.org/entity/Q45566491
劉瑗,男,N/A,N/A,N/A,N/A,N/A,N/A,http://www.wikidata.org/entity/Q45568861
劉銓,男,N/A,N/A,N/A,N/A,N/A,N/A,http://www.wikidata.org/entity/Q45570131
張明,男,N/A,N/A,N/A,N/A,N/A,N/A,http://www.wikidata.org/entity/Q45570675
劉贊,男,N/A,N/A,N/A,N/A,N/A,N/A,http://www.wikidata.org/entity/Q45572693
張茂,男,N/A,N/A,N/A,N/A,N/A,N/A,http://www.wikidata.org/entity/Q45572847
劉耀,男,N/A,N/A,N/A,N/A,N/A,N/A,http://www.wikidata.org/entity/Q45572977
張紀,男,N/A,N/A,N/A,N/A,N/A,N/A,http://www.wikidata.org/entity/Q45573193
劉文通,男,N/A,N/A,N/A,N/A,N/A,N/A,http://www.wikidata.org/entity/Q45575128
劉文惠,男,N/A,N/A,N/A,N/A,N/A,N/A,http://www.wikidata.org/entity/Q45575260
劉允文,男,N/A,N/A,N/A,N/A,N/A,N/A,http://www.wikidata.org/entity/Q45576022
劉古心,男,N/A,N/A,N/A,N/A,N/A,N/A,http://www.wikidata.org/entity/Q45577358
劉仲先,男,N/A,N/A,N/A,N/A,N/A,N/A,http://www.wikidata.org/entity/Q45578251
劉仲懷,男,N/A,N/A,N/A,N/A,N/A,N/A,http://www.wikidata.org/entity/Q45578504
劉宗古,男,N/A,N/A,N/A,N/A,N/A,N/A,http://www.wikidata.org/entity/Q45579774
劉宗道,男,N/A,N/A,N/A,N/A,N/A,N/A,http://www.wikidata.org/entity/Q45580030
張戡,男,N/A,N/A,N/A,N/A,N/A,N/A,http://www.wikidata.org/entity/Q45580446
劉明仲,男,N/A,N/A,N/A,N/A,N/A,N/A,http://www.wikidata.org/entity/Q45580935
張著,男,N/A,N/A,N/A,N/A,N/A,N/A,http://www.wikidata.org/entity/Q45580957
劉思義,男,N/A,N/A,N/A,N/A,N/A,N/A,http://www.wikidata.org/entity/Q45581773
張戩,男,N/A,N/A,N/A,N/A,N/A,N/A,http://www.wikidata.org/entity/Q45582435
張諒,男,N/A,N/A,N/A,N/A,N/A,N/A,http://www.wikidata.org/entity/Q45583008
劉國用,男,N/A,N/A,N/A,N/A,N/A,N/A,http://www.wikidata.org/entity/Q45583129
劉尊師,男,N/A,N/A,N/A,N/A,N/A,N/A,http://www.wikidata.org/entity/Q45583640
劉道士,男,N/A,N/A,N/A,N/A,N/A,N/A,http://www.wikidata.org/entity/Q45584416
劉漢卿,男,N/A,N/A,N/A,N/A,N/A,N/A,http://www.wikidata.org/entity/Q45584860
劉夢良,男,N/A,N/A,N/A,N/A,N/A,N/A,http://www.wikidata.org/entity/Q45585245
劉履中,男,N/A,N/A,N/A,N/A,N/A,N/A,http://www.wikidata.org/entity/Q45585569
張翼,男,N/A,N/A,N/A,N/A,N/A,N/A,http://www.wikidata.org/entity/Q45586068
龍升,男,N/A,N/A,N/A,N/A,N/A,N/A,http://www.wikidata.org/entity/Q45586739
張舉,男,N/A,N/A,N/A,N/A,N/A,N/A,http://www.wikidata.org/entity/Q45586837
龍祥,男,N/A,N/A,N/A,N/A,N/A,N/A,http://www.wikidata.org/entity/Q45586932
張鎰,男,N/A,N/A,N/A,N/A,N/A,N/A,http://www.wikidata.org/entity/Q45587346
霍适,男,N/A,N/A,N/A,N/A,N/A,N/A,http://www.wikidata.org/entity/Q45587639
燕文季,男,N/A,N/A,N/A,N/A,N/A,N/A,http://www.wikidata.org/entity/Q45588151
閻仲,男,N/A,N/A,N/A,N/A,N/A,N/A,http://www.wikidata.org/entity/Q45588406
閻士安,男,N/A,N/A,N/A,N/A,N/A,N/A,http://www.wikidata.org/entity/Q45589034
閻次平,男,N/A,N/A,N/A,N/A,N/A,N/A,http://www.wikidata.org/entity/Q45589481
閻次安,男,N/A,N/A,N/A,N/A,N/A,N/A,http://www.wikidata.org/entity/Q45589546
盧章,男,N/A,N/A,N/A,N/A,N/A,N/A,http://www.wikidata.org/entity/Q45591329
盧象先,男,N/A,N/A,N/A,N/A,N/A,N/A,http://www.wikidata.org/entity/Q45593875
盧道寧,男,N/A,N/A,N/A,N/A,N/A,N/A,http://www.wikidata.org/entity/Q45594002
戰德淳,男,N/A,N/A,N/A,N/A,N/A,N/A,http://www.wikidata.org/entity/Q45594193
蕭太虛,男,N/A,N/A,N/A,N/A,N/A,N/A,http://www.wikidata.org/entity/Q45595216
衛松,男,N/A,N/A,N/A,N/A,N/A,N/A,http://www.wikidata.org/entity/Q45596543
衛光遠,男,N/A,N/A,N/A,N/A,N/A,N/A,http://www.wikidata.org/entity/Q45597044
張希顏,男,N/A,N/A,N/A,N/A,N/A,N/A,http://www.wikidata.org/entity/Q45598002
張宗古,男,N/A,N/A,N/A,N/A,N/A,N/A,http://www.wikidata.org/entity/Q45598950
張思義,男,N/A,N/A,N/A,N/A,N/A,N/A,http://www.wikidata.org/entity/Q45601308
張訓禮,男,N/A,N/A,N/A,N/A,N/A,N/A,http://www.wikidata.org/entity/Q45602252
謝昇,男,N/A,N/A,N/A,N/A,N/A,N/A,http://www.wikidata.org/entity/Q45603454
張敏叔,男,N/A,N/A,N/A,N/A,N/A,N/A,http://www.wikidata.org/entity/Q45604625
張無惑,男,N/A,N/A,N/A,N/A,N/A,N/A,http://www.wikidata.org/entity/Q45606091
張嗣昌,男,N/A,N/A,N/A,N/A,N/A,N/A,http://www.wikidata.org/entity/Q45607044
張萬成,男,N/A,N/A,N/A,N/A,N/A,N/A,http://www.wikidata.org/entity/Q45607111
韓若拙,男,N/A,N/A,N/A,N/A,N/A,N/A,http://www.wikidata.org/entity/Q45611959
陳左,男,N/A,N/A,N/A,N/A,N/A,N/A,http://www.wikidata.org/entity/Q45612510
陳坦,男,N/A,N/A,N/A,N/A,N/A,N/A,http://www.wikidata.org/entity/Q45614824
薛彥晦,男,N/A,N/A,N/A,N/A,N/A,N/A,http://www.wikidata.org/entity/Q45614977
鍾文秀,男,N/A,N/A,N/A,N/A,N/A,N/A,http://www.wikidata.org/entity/Q45616295
陳珏,男,N/A,N/A,N/A,N/A,N/A,N/A,http://www.wikidata.org/entity/Q45616586
戴琬,男,N/A,N/A,N/A,N/A,N/A,N/A,http://www.wikidata.org/entity/Q45619435
陳常,男,N/A,N/A,N/A,N/A,N/A,N/A,http://www.wikidata.org/entity/Q45619733
豐興祖,男,N/A,N/A,N/A,N/A,N/A,N/A,http://www.wikidata.org/entity/Q45621079
儲大有,男,N/A,N/A,N/A,N/A,N/A,N/A,http://www.wikidata.org/entity/Q45621837
陳椿,男,N/A,N/A,N/A,N/A,N/A,N/A,http://www.wikidata.org/entity/Q45623456
魏燮,男,N/A,N/A,N/A,N/A,N/A,N/A,http://www.wikidata.org/entity/Q45623513
魏觀察,男,N/A,N/A,N/A,N/A,N/A,N/A,http://www.wikidata.org/entity/Q45624717
龐崇穆,男,N/A,N/A,N/A,N/A,N/A,N/A,http://www.wikidata.org/entity/Q45625283
譚宏,男,N/A,N/A,N/A,N/A,N/A,N/A,http://www.wikidata.org/entity/Q45625347
譚季蕭,男,N/A,N/A,N/A,N/A,N/A,N/A,http://www.wikidata.org/entity/Q45625981
羅存,男,N/A,N/A,N/A,N/A,N/A,N/A,http://www.wikidata.org/entity/Q45627189
羅仲通,男,N/A,N/A,N/A,N/A,N/A,N/A,http://www.wikidata.org/entity/Q45628759
羅勝先,男,N/A,N/A,N/A,N/A,N/A,N/A,http://www.wikidata.org/entity/Q45630097
蘇堅,男,N/A,N/A,N/A,N/A,N/A,N/A,http://www.wikidata.org/entity/Q45633299
蘇晉卿,男,N/A,N/A,N/A,N/A,N/A,N/A,http://www.wikidata.org/entity/Q45634897
蘇顯祖,男,N/A,N/A,N/A,N/A,N/A,N/A,http://www.wikidata.org/entity/Q45635647
陳用志,男,N/A,N/A,N/A,N/A,N/A,N/A,http://www.wikidata.org/entity/Q45636704
陳自然,男,N/A,N/A,N/A,N/A,N/A,N/A,http://www.wikidata.org/entity/Q45638129
陳庚生,男,N/A,N/A,N/A,N/A,N/A,N/A,http://www.wikidata.org/entity/Q45641015
陳宗訓,男,N/A,N/A,N/A,N/A,N/A,N/A,http://www.wikidata.org/entity/Q45641265
釋大椿,男,N/A,N/A,N/A,N/A,N/A,N/A,http://www.wikidata.org/entity/Q45641652
陳直躬,男,N/A,N/A,N/A,N/A,N/A,N/A,http://www.wikidata.org/entity/Q45642205
釋月篷,男,N/A,N/A,N/A,N/A,N/A,N/A,http://www.wikidata.org/entity/Q45645440
釋仁濟,男,N/A,N/A,N/A,N/A,N/A,N/A,http://www.wikidata.org/entity/Q45645756
陳清波,男,N/A,N/A,N/A,N/A,N/A,N/A,http://www.wikidata.org/entity/Q45646139
釋可宗,男,N/A,N/A,N/A,N/A,N/A,N/A,http://www.wikidata.org/entity/Q45646631
釋令宗,男,N/A,N/A,N/A,N/A,N/A,N/A,http://www.wikidata.org/entity/Q45648686
陳虞之,男,N/A,N/A,N/A,N/A,N/A,N/A,http://www.wikidata.org/entity/Q45649263
陸青,男,N/A,N/A,N/A,N/A,N/A,N/A,http://www.wikidata.org/entity/Q45653919
陸琮,男,N/A,N/A,N/A,N/A,N/A,N/A,http://www.wikidata.org/entity/Q45654355
陸瑾,男,N/A,N/A,N/A,N/A,N/A,N/A,http://www.wikidata.org/entity/Q45654715
釋志堅,男,N/A,N/A,N/A,N/A,N/A,N/A,http://www.wikidata.org/entity/Q45654787
陸文通,男,N/A,N/A,N/A,N/A,N/A,N/A,http://www.wikidata.org/entity/Q45655192
陸仲明,男,N/A,N/A,N/A,N/A,N/A,N/A,http://www.wikidata.org/entity/Q45655495
陸懷道,男,N/A,N/A,N/A,N/A,N/A,N/A,http://www.wikidata.org/entity/Q45656514
陶忠,男,N/A,N/A,N/A,N/A,N/A,N/A,http://www.wikidata.org/entity/Q45656697
陶裔,男,N/A,N/A,N/A,N/A,N/A,N/A,http://www.wikidata.org/entity/Q45656939
梅行思,男,N/A,N/A,N/A,N/A,N/A,N/A,http://www.wikidata.org/entity/Q45657904
釋法能,男,N/A,N/A,N/A,N/A,N/A,N/A,http://www.wikidata.org/entity/Q45659365
釋法常,男,N/A,N/A,1180-01-01,N/A,N/A,N/A,http://www.wikidata.org/entity/Q45659552
崔愨,男,N/A,N/A,N/A,N/A,N/A,N/A,http://www.wikidata.org/entity/Q45660120
崔友諒,男,N/A,N/A,N/A,N/A,N/A,N/A,http://www.wikidata.org/entity/Q45660604
畢生,男,N/A,N/A,N/A,N/A,N/A,N/A,http://www.wikidata.org/entity/Q45662513
釋彥深,男,N/A,N/A,N/A,N/A,N/A,N/A,http://www.wikidata.org/entity/Q45664391
符道隱,男,N/A,N/A,N/A,N/A,N/A,N/A,http://www.wikidata.org/entity/Q45665291
釋思淨,男,N/A,N/A,1137-01-01,N/A,N/A,N/A,http://www.wikidata.org/entity/Q45665292
馮清,男,N/A,N/A,N/A,N/A,N/A,N/A,http://www.wikidata.org/entity/Q45666495
馮覲,男,N/A,N/A,N/A,N/A,N/A,N/A,http://www.wikidata.org/entity/Q45667715
馮曠,男,N/A,N/A,N/A,N/A,N/A,N/A,http://www.wikidata.org/entity/Q45667767
馮久照,男,N/A,N/A,N/A,N/A,N/A,N/A,http://www.wikidata.org/entity/Q45668176
釋真慧,男,N/A,N/A,N/A,N/A,N/A,N/A,http://www.wikidata.org/entity/Q45668219
釋修範,男,N/A,N/A,N/A,N/A,N/A,N/A,http://www.wikidata.org/entity/Q45668589
馮進城,男,N/A,N/A,N/A,N/A,N/A,N/A,http://www.wikidata.org/entity/Q45669990
游昭,男,N/A,N/A,N/A,N/A,N/A,N/A,http://www.wikidata.org/entity/Q45670454
湯子昇,男,N/A,N/A,N/A,N/A,N/A,N/A,http://www.wikidata.org/entity/Q45671818
童仁益,男,N/A,N/A,N/A,N/A,N/A,N/A,http://www.wikidata.org/entity/Q45673011
釋敏行,男,N/A,N/A,N/A,N/A,N/A,N/A,http://www.wikidata.org/entity/Q45673015
甯久中,男,N/A,N/A,N/A,N/A,N/A,N/A,http://www.wikidata.org/entity/Q45673459
曾士賢,男,N/A,N/A,N/A,N/A,N/A,N/A,http://www.wikidata.org/entity/Q45675101
釋惠崇,男,N/A,N/A,N/A,N/A,N/A,N/A,http://www.wikidata.org/entity/Q45675540
釋超然,男,N/A,N/A,N/A,N/A,N/A,N/A,http://www.wikidata.org/entity/Q45675896
釋虛己,男,N/A,N/A,N/A,N/A,N/A,N/A,http://www.wikidata.org/entity/Q45676092
釋智平,男,N/A,N/A,N/A,N/A,N/A,N/A,http://www.wikidata.org/entity/Q45676668
釋智源,男,N/A,N/A,N/A,N/A,N/A,N/A,http://www.wikidata.org/entity/Q45677424
黃益,男,N/A,N/A,N/A,N/A,N/A,N/A,http://www.wikidata.org/entity/Q45677964
釋道宏,男,N/A,N/A,N/A,N/A,N/A,N/A,http://www.wikidata.org/entity/Q45678874
黃齊,男,N/A,N/A,N/A,N/A,N/A,N/A,http://www.wikidata.org/entity/Q45679595
黃廣,男,N/A,N/A,N/A,N/A,N/A,N/A,http://www.wikidata.org/entity/Q45679996
黃彝,男,N/A,N/A,N/A,N/A,N/A,N/A,http://www.wikidata.org/entity/Q45680940
釋傳古,男,N/A,N/A,N/A,N/A,N/A,N/A,http://www.wikidata.org/entity/Q45680974
釋夢林,男,N/A,N/A,N/A,N/A,N/A,N/A,http://www.wikidata.org/entity/Q45681405
釋慧亨,男,N/A,N/A,N/A,N/A,N/A,N/A,http://www.wikidata.org/entity/Q45682372
釋慧淵,男,N/A,N/A,N/A,N/A,N/A,N/A,http://www.wikidata.org/entity/Q45682639
釋慧崇,男,N/A,N/A,N/A,N/A,N/A,N/A,http://www.wikidata.org/entity/Q45682838
釋德止,男,N/A,N/A,N/A,N/A,N/A,N/A,http://www.wikidata.org/entity/Q45683400
黃庭浩,男,N/A,N/A,N/A,N/A,N/A,N/A,http://www.wikidata.org/entity/Q45684051
黃斌老,男,N/A,N/A,N/A,N/A,N/A,N/A,http://www.wikidata.org/entity/Q45684242
黃與迪,男,N/A,N/A,N/A,N/A,N/A,N/A,http://www.wikidata.org/entity/Q45685146
黃懷玉,男,N/A,N/A,N/A,N/A,N/A,N/A,http://www.wikidata.org/entity/Q45685812
費道寧,男,N/A,N/A,N/A,N/A,N/A,N/A,http://www.wikidata.org/entity/Q45686349
盛師顏,男,N/A,N/A,N/A,N/A,N/A,N/A,http://www.wikidata.org/entity/Q45686633
單煒,男,N/A,N/A,N/A,N/A,N/A,N/A,http://www.wikidata.org/entity/Q45689834
單邦顯,男,N/A,N/A,N/A,N/A,N/A,N/A,http://www.wikidata.org/entity/Q45689955
喬鍾馗,男,N/A,N/A,N/A,N/A,N/A,N/A,http://www.wikidata.org/entity/Q45690483
焦錫,男,N/A,N/A,N/A,N/A,N/A,N/A,http://www.wikidata.org/entity/Q45690602
傅逸,男,N/A,N/A,N/A,N/A,N/A,N/A,http://www.wikidata.org/entity/Q45691340
程堂,男,N/A,N/A,N/A,N/A,N/A,N/A,http://www.wikidata.org/entity/Q45692862
程若筠,男,N/A,N/A,N/A,N/A,N/A,N/A,http://www.wikidata.org/entity/Q45694192
雍巘,男,N/A,N/A,N/A,N/A,N/A,N/A,http://www.wikidata.org/entity/Q45695817
雍秀才,男,N/A,N/A,N/A,N/A,N/A,N/A,http://www.wikidata.org/entity/Q45695898
賈師古,男,N/A,N/A,N/A,N/A,N/A,N/A,http://www.wikidata.org/entity/Q45696781
雷宗道,男,N/A,N/A,N/A,N/A,N/A,N/A,http://www.wikidata.org/entity/Q45697408
雷殿直,男,N/A,N/A,N/A,N/A,N/A,N/A,http://www.wikidata.org/entity/Q45697461
楊祁,男,N/A,N/A,N/A,N/A,N/A,N/A,http://www.wikidata.org/entity/Q45698439
楊威,男,N/A,N/A,N/A,N/A,N/A,N/A,http://www.wikidata.org/entity/Q45698700
楊朏,男,N/A,N/A,N/A,N/A,N/A,N/A,http://www.wikidata.org/entity/Q45698855
楊棐,男,N/A,N/A,N/A,N/A,N/A,N/A,http://www.wikidata.org/entity/Q45699854
楊傑,男,N/A,N/A,N/A,N/A,N/A,N/A,http://www.wikidata.org/entity/Q45699932
楊暉,男,N/A,N/A,N/A,N/A,N/A,N/A,http://www.wikidata.org/entity/Q45700301
楊寵,男,N/A,N/A,N/A,N/A,N/A,N/A,http://www.wikidata.org/entity/Q45701285
楊大明,男,N/A,N/A,N/A,N/A,N/A,N/A,http://www.wikidata.org/entity/Q45701558
楊日言,男,N/A,N/A,N/A,N/A,N/A,N/A,http://www.wikidata.org/entity/Q45701829
楊世昌,男,N/A,N/A,N/A,N/A,N/A,N/A,http://www.wikidata.org/entity/Q45702035
楊安道,男,N/A,N/A,N/A,N/A,N/A,N/A,http://www.wikidata.org/entity/Q45702292
楊吉老,男,N/A,N/A,N/A,N/A,N/A,N/A,http://www.wikidata.org/entity/Q45702427
林椿,男,N/A,N/A,N/A,N/A,宋朝画家,N/A,http://www.wikidata.org/entity/Q45381344
吳炳,男,N/A,N/A,N/A,N/A,南宋画家,N/A,http://www.wikidata.org/entity/Q45433586
方氏,女,N/A,N/A,N/A,N/A,陳暉兒媳,N/A,http://www.wikidata.org/entity/Q45429392
章程,男,N/A,N/A,N/A,N/A,宋代画家,N/A,http://www.wikidata.org/entity/Q45483490
范寬,男,N/A,耀州 (古代),N/A,N/A,北宋画家,N/A,http://www.wikidata.org/entity/Q1278559
林庭珪,男,N/A,N/A,N/A,N/A,南宋代画家,N/A,http://www.wikidata.org/entity/Q3241242
郭思,男,N/A,N/A,N/A,N/A,北宋画家,N/A,http://www.wikidata.org/entity/Q27921445
賈祥,男,N/A,N/A,N/A,N/A,宋朝太监、画家,N/A,http://www.wikidata.org/entity/Q45696188
艳艳女史,女,N/A,N/A,N/A,N/A,宋朝女画家,N/A,http://www.wikidata.org/entity/Q133836287
马远,男,http://www.wikidata.org/.well-known/genid/43bdbf9dd592b6eee11ff289f3b8247a,杭州市,1225-01-01,http://www.wikidata.org/.well-known/genid/7cf7f42e3b082934f3244910acdbbe60,南宋画家,N/A,http://www.wikidata.org/entity/Q433603
釋德正,男,0877-01-01,N/A,0949-01-01,N/A,N/A,N/A,http://www.wikidata.org/entity/Q45379516
徐熙,男,0886-01-01,南京市,0975-01-01,南唐,N/A,N/A,http://www.wikidata.org/entity/Q3136543
黄荃,男,0903-01-01,成都市,0965-01-01,N/A,五代十國時期西蜀的畫家,N/A,http://www.wikidata.org/entity/Q32086
昝居潤,男,0908-01-01,N/A,0966-01-01,N/A,N/A,N/A,http://www.wikidata.org/entity/Q45435345
周文矩,男,0917-01-01,南京市,0975-01-01,N/A,N/A,N/A,http://www.wikidata.org/entity/Q835924
李成,男,0919-01-01,潍坊市,0967-01-01,淮阳区,五代、北宋时期画家,http://commons.wikimedia.org/wiki/Special:FilePath/%E6%9D%8E%E6%88%90%20%E9%9D%92%E5%B7%9E%E6%9D%8E%E6%88%90%E7%B4%80%E5%BF%B5%E9%A4%A8%E5%85%A7.jpg,http://www.wikidata.org/entity/Q716242
李穆,男,0928-01-01,N/A,0984-01-01,N/A,N/A,N/A,http://www.wikidata.org/entity/Q45366409
黃居寀,男,0933-01-01,成都市,0993-01-01,N/A,宋初著名画家,http://commons.wikimedia.org/wiki/Special:FilePath/Huang%20Jucai%20-%20Parrot%20and%20insect%20among%20pear%20blossoms%20-%20Google%20Art%20Project.jpg,http://www.wikidata.org/entity/Q3141837
顾闳中,男,0937-01-01,N/A,0975-01-01,N/A,南唐画家,http://commons.wikimedia.org/wiki/Special:FilePath/Gu%20Hongzhong%27s%20Night%20Revels%2C%20Detail%201.jpg,http://www.wikidata.org/entity/Q740673
吳淑,男,0947-01-01,N/A,1002-01-01,N/A,N/A,N/A,http://www.wikidata.org/entity/Q9620544
赵干,男,0950-01-01,N/A,N/A,N/A,N/A,N/A,http://www.wikidata.org/entity/Q3575391
郭忠恕,男,0950-01-01,洛陽市,0977-01-01,临邑县,北宋画家,N/A,http://www.wikidata.org/entity/Q877224
祁序,男,0950-01-01,N/A,N/A,N/A,宋朝画家,N/A,http://www.wikidata.org/entity/Q16128506
陳文頊,男,0958-01-01,N/A,0992-01-01,N/A,N/A,N/A,http://www.wikidata.org/entity/Q45368394
趙昌,男,0960-01-01,广汉市,1016-01-01,N/A,N/A,N/A,http://www.wikidata.org/entity/Q3575387
燕文貴,男,0967-01-01,N/A,1044-01-01,N/A,N/A,N/A,http://www.wikidata.org/entity/Q3206102
錢易,男,0968-01-01,N/A,1026-01-01,N/A,N/A,http://commons.wikimedia.org/wiki/Special:FilePath/%E9%8C%A2%E6%98%93%20%28%E5%AE%8B%E6%9C%9D%29.jpg,http://www.wikidata.org/entity/Q15933289
许道宁,男,0970-01-01,N/A,1052-01-01,N/A,N/A,N/A,http://www.wikidata.org/entity/Q1273590
武宗元,男,0980-01-01,孟津区,1050-01-01,N/A,N/A,N/A,http://www.wikidata.org/entity/Q6769910
张先,男,0990-01-01,N/A,1078-01-01,N/A,宋朝詞人,N/A,http://www.wikidata.org/entity/Q8070342
徐崇嗣,男,0999-01-01,N/A,http://www.wikidata.org/.well-known/genid/9e1a45e0822fa78479c488a1ea39cfd3,N/A,N/A,N/A,http://www.wikidata.org/entity/Q45482080
巨然,男,1000-01-01,南昌市,1000-01-01,N/A,N/A,N/A,http://www.wikidata.org/entity/Q2671678
崔白,男,1000-01-01,凤阳县,1074-01-01,N/A,宋朝画家,N/A,http://www.wikidata.org/entity/Q709216
易元吉,男,1000-01-01,N/A,1064-01-01,N/A,北宋画家,N/A,http://www.wikidata.org/entity/Q1261786
何受,男,1006-01-01,N/A,1081-01-01,N/A,N/A,N/A,http://www.wikidata.org/entity/Q45432419
章友直,男,1006-01-01,N/A,1062-01-01,N/A,北宋篆刻家,N/A,http://www.wikidata.org/entity/Q45379118
李端懿,男,1013-01-01,N/A,1060-01-01,N/A,N/A,N/A,http://www.wikidata.org/entity/Q28416346
宋道,男,1014-01-01,N/A,1083-01-01,N/A,N/A,N/A,http://www.wikidata.org/entity/Q45362538
文同,男,1018-01-01,盐亭县,1079-01-01,湖州市,中国宋朝画家,N/A,http://www.wikidata.org/entity/Q1288620
郭熙,男,1020-01-01,温县,1090-01-01,開封市,N/A,N/A,http://www.wikidata.org/entity/Q536645
王安石,男,1021-12-14,临川区,1086-05-27,南京市,中国宋朝的政治家、文学家、思想家（1021-1086）,http://commons.wikimedia.org/wiki/Special:FilePath/%E6%AD%B7%E4%BB%A3%E8%81%96%E8%B3%A2%E5%90%8D%E4%BA%BA%E5%83%8F-29-%E5%AE%8B%E4%B8%9E%E7%9B%B8%E7%8E%8B%E8%8D%86%E5%85%AC%E5%AE%89%E7%9F%B3.jpg,http://www.wikidata.org/entity/Q319618
屈鼎,男,1023-01-01,開封市,1056-01-01,N/A,N/A,N/A,http://www.wikidata.org/entity/Q7268210
朱长文,男,1039-01-01,苏州市,1098-01-01,N/A,N/A,N/A,http://www.wikidata.org/entity/Q11094899
刘巨济,男,1043-01-01,N/A,N/A,N/A,N/A,N/A,http://www.wikidata.org/entity/Q30947063
黃庭堅,男,1045-01-01,修水县,1105-01-01,苍南县,北宋詩人、書法家 (1045–1105),http://commons.wikimedia.org/wiki/Special:FilePath/Huang%20Tingjian.png,http://www.wikidata.org/entity/Q709460
李唐,男,1049-01-01,孟州市,1130-01-01,杭州市,N/A,N/A,http://www.wikidata.org/entity/Q716331
李公麟,男,1049-01-01,桐城市,1106-01-01,N/A,北宋画家（1049—1106）,http://commons.wikimedia.org/wiki/Special:FilePath/%E6%9D%8E%E5%85%AC%E9%BA%9F.jpg,http://www.wikidata.org/entity/Q716389
趙令穰,男,1050-01-01,N/A,N/A,N/A,N/A,N/A,http://www.wikidata.org/entity/Q3575394
釋仲仁,男,1050-01-01,紹興市,1123-01-01,N/A,N/A,N/A,http://www.wikidata.org/entity/Q3575428
李玮,男,1050-01-01,N/A,N/A,N/A,N/A,N/A,http://www.wikidata.org/entity/Q28415654
米芾,男,1051-12-10,江苏省,1107-01-01,開封市,N/A,http://commons.wikimedia.org/wiki/Special:FilePath/%E7%B1%B3%E8%8A%BE.jpg,http://www.wikidata.org/entity/Q320129
晁无咎,男,1053-01-01,N/A,1110-01-01,盱眙县,N/A,http://commons.wikimedia.org/wiki/Special:FilePath/%E6%99%81%E8%A3%9C%E4%B9%8B.jpg,http://www.wikidata.org/entity/Q5945163
晁說之,男,1059-01-01,N/A,1129-01-01,N/A,N/A,N/A,http://www.wikidata.org/entity/Q11089173
蘇過,男,1072-01-01,N/A,1123-01-01,N/A,N/A,N/A,http://www.wikidata.org/entity/Q10514231
翟汝文,男,1076-01-01,N/A,N/A,N/A,N/A,N/A,http://www.wikidata.org/entity/Q45366559
黃伯思,男,1079-01-01,N/A,1118-01-01,N/A,N/A,N/A,http://www.wikidata.org/entity/Q11175975
朱敦儒,男,1081-01-01,N/A,1159-01-01,N/A,N/A,N/A,http://www.wikidata.org/entity/Q11094141
宋徽宗,男,1082-11-08,開封市,1135-06-11,依兰县,宋朝第8位皇帝,http://commons.wikimedia.org/wiki/Special:FilePath/HuizongHui.jpg,http://www.wikidata.org/entity/Q7486
米友仁,男,1086-01-01,太原市,1165-01-01,N/A,12世紀的畫家,N/A,http://www.wikidata.org/entity/Q3178580
樓璹,男,1090-01-01,N/A,N/A,N/A,N/A,N/A,http://www.wikidata.org/entity/Q11121091
徐兢,男,1091-01-01,N/A,1153-01-01,N/A,N/A,N/A,http://www.wikidata.org/entity/Q45361363
楊无咎,男,1097-01-01,N/A,1171-01-01,N/A,宋朝画家,N/A,http://www.wikidata.org/entity/Q8048362
苏汉臣,男,1101-01-01,開封市,1161-01-01,杭州市,N/A,N/A,http://www.wikidata.org/entity/Q12158485
趙楷,男,1101-01-01,N/A,1130-08-01,N/A,宋徽宗之子,N/A,http://www.wikidata.org/entity/Q15927754
仁懷皇后; 朱皇后,女,1102-01-01,開封市,1127-01-01,N/A,宋欽宗皇后，靖康之禍後被俘北上。,http://commons.wikimedia.org/wiki/Special:FilePath/B%20Song%20Dynasty%20Empress%20of%20Qinzong.JPG,http://www.wikidata.org/entity/Q3808923
釋智融,男,1114-01-01,N/A,1193-01-01,N/A,N/A,N/A,http://www.wikidata.org/entity/Q45677745
任源,男,1116-01-01,N/A,N/A,N/A,N/A,N/A,http://www.wikidata.org/entity/Q45404753
曾敏行,男,1118-01-01,N/A,1175-01-01,N/A,N/A,N/A,http://www.wikidata.org/entity/Q45376964
赵伯驹,男,1120-01-01,N/A,1182-01-01,N/A,N/A,N/A,http://www.wikidata.org/entity/Q3372429
趙伯驌,男,1124-01-01,N/A,1182-01-01,N/A,N/A,N/A,http://www.wikidata.org/entity/Q45408264
鄭倫,男,1135-01-01,N/A,1195-01-01,N/A,N/A,N/A,http://www.wikidata.org/entity/Q45536518
趙師,男,1148-01-01,N/A,1217-01-01,N/A,N/A,N/A,http://www.wikidata.org/entity/Q45408267
韓拙,男,1150-01-01,N/A,N/A,N/A,N/A,N/A,http://www.wikidata.org/entity/Q3126647
馬賁,男,1150-01-01,N/A,N/A,N/A,N/A,N/A,http://www.wikidata.org/entity/Q3273440
馬公顯,男,1150-01-01,N/A,N/A,N/A,N/A,N/A,http://www.wikidata.org/entity/Q3273444
馬逵,男,1150-01-01,N/A,N/A,N/A,N/A,N/A,http://www.wikidata.org/entity/Q3273450
馬世榮,男,1150-01-01,N/A,N/A,N/A,N/A,N/A,http://www.wikidata.org/entity/Q3273462
馬興祖,男,1150-01-01,N/A,N/A,N/A,N/A,N/A,http://www.wikidata.org/entity/Q3273473
毛松,男,1150-01-01,N/A,N/A,N/A,N/A,N/A,http://www.wikidata.org/entity/Q3287195
萧照,男,1150-01-01,获泽县,N/A,N/A,N/A,N/A,http://www.wikidata.org/entity/Q3570963
馬和之,男,1150-01-01,N/A,N/A,N/A,N/A,N/A,http://www.wikidata.org/entity/Q5158780
黄由,男,1150-01-01,苏州市,N/A,N/A,N/A,N/A,http://www.wikidata.org/entity/Q10567264
周季常,男,1150-01-01,N/A,http://www.wikidata.org/.well-known/genid/4546d38323d7807c603cfd90fbf26952,N/A,宋代画家,N/A,http://www.wikidata.org/entity/Q3575433
劉賢妃,女,1150-01-01,N/A,1187-01-01,N/A,趙構貴妃,N/A,http://www.wikidata.org/entity/Q8251827
毛益,男,1150-01-01,N/A,N/A,N/A,12世纪中国画家,N/A,http://www.wikidata.org/entity/Q3287196
高翥,男,1170-01-01,N/A,1241-01-01,N/A,N/A,http://commons.wikimedia.org/wiki/Special:FilePath/%E5%AE%8B%E4%BB%A3%E9%AB%98%E7%BF%A5%E7%95%AB%E5%83%8F.png,http://www.wikidata.org/entity/Q10566814
劉松年,男,1174-01-01,杭州市,1224-01-01,杭州市,南宋画家,N/A,http://www.wikidata.org/entity/Q3083484
無準師範,男,1177-01-01,梓潼县,1249-01-01,浙江省,南宋禪門高僧,http://commons.wikimedia.org/wiki/Special:FilePath/Chinesischer%20Maler%20von%201238%20001.jpg,http://www.wikidata.org/entity/Q632765
马麟,男,1180-01-01,N/A,1256-01-01,N/A,南宋画家,N/A,http://www.wikidata.org/entity/Q637407
趙葵,男,1186-01-01,N/A,1266-01-01,N/A,N/A,N/A,http://www.wikidata.org/entity/Q15929761
林希逸,男,1193-01-01,N/A,1271-01-01,N/A,N/A,N/A,http://www.wikidata.org/entity/Q10346962
葛長庚,男,1194-01-01,N/A,N/A,N/A,N/A,N/A,http://www.wikidata.org/entity/Q45406013
周弼,男,1194-01-01,N/A,1255-01-01,N/A,N/A,N/A,http://www.wikidata.org/entity/Q45430855
夏圭,男,1195-01-01,杭州市,1224-01-01,N/A,N/A,N/A,http://www.wikidata.org/entity/Q1360244
宋伯仁,男,1197-01-01,N/A,1235-01-01,N/A,N/A,N/A,http://www.wikidata.org/entity/Q45369016
王柏,男,1197-01-01,N/A,1274-01-01,N/A,N/A,N/A,http://www.wikidata.org/entity/Q45369145
趙孟堅,男,1199-01-01,海盐县,1295-01-01,N/A,N/A,N/A,http://www.wikidata.org/entity/Q2912463
梁楷,男,1200-01-01,山東省,1300-01-01,N/A,N/A,N/A,http://www.wikidata.org/entity/Q740332
陈容,男,1200-01-01,长乐区,1266-01-01,N/A,南宋画家,http://commons.wikimedia.org/wiki/Special:FilePath/Nine-Dragons1.jpg,http://www.wikidata.org/entity/Q2739948
牧谿,男,1210-01-01,四川省,1269-01-01,杭州市,N/A,N/A,http://www.wikidata.org/entity/Q3048317
钱选,男,1235-01-01,吴兴区,http://www.wikidata.org/.well-known/genid/aea1ffa6b3bc870a41f81744cc26b135,N/A,宋末元初画家,N/A,http://www.wikidata.org/entity/Q951585
趙孟奎,男,1237-01-01,N/A,N/A,N/A,N/A,N/A,http://www.wikidata.org/entity/Q45394705
韩希孟,女,1241-01-01,N/A,1259-01-01,N/A,N/A,N/A,http://www.wikidata.org/entity/Q4495606
宋汝志,男,1250-01-01,N/A,N/A,N/A,N/A,N/A,http://www.wikidata.org/entity/Q16137271
陈琳,男,1260-01-01,杭州市,1320-01-01,N/A,元代画家,N/A,http://www.wikidata.org/entity/Q5090848
